start_lat,start_lng,end_lat,end_lng,distance_m,travel_time_s,haversine_km
12.93298,79.149538,12.978776,79.11714,11592.8,696.2,6.185229018651484
12.962679,79.102492,12.938892,79.193183,17424.9,1067.2,10.177580612903004
12.914738,79.140904,12.929019,79.114489,4664.5,383.8,3.2737590303357536
12.939267,79.111231,12.959938,79.135063,5016.1,349.5,3.4573130562275725
12.914948,79.106722,12.912958,79.12482,4818.3,507.0,1.9739500699732033
12.979278,79.100252,12.940577,79.108776,6335.5,535.4,4.40137529156374
12.960935,79.14988,12.964684,79.142272,2213.0,249.1,0.9238171886293768
12.927406,79.179778,12.973401,79.197568,19582.4,1429.8,5.465697942211835
12.934789,79.151099,12.964003,79.15038,9653.1,664.2,3.249387369943184
12.924085,79.125596,12.973114,79.160366,11578.5,938.2,6.627164848258624
12.926883,79.126315,12.904483,79.137408,4576.0,288.0,2.7657568645766224
12.926921,79.110911,12.94733,79.138026,5423.4,515.6,3.7128150500005783
12.967187,79.108336,12.913955,79.199502,22544.8,1625.9,11.51719231206206
12.943309,79.173989,12.947872,79.186535,2349.6,244.4,1.4511851178915833
12.918115,79.123644,12.968566,79.193245,12782.4,923.4,9.400136418082347
12.946465,79.143349,12.928528,79.146225,5710.9,422.0,2.018712108056901
12.90553,79.120905,12.943688,79.187441,10272.1,752.5,8.366716699967494
12.911419,79.151923,12.900862,79.103919,6586.6,835.2,5.33374278946075
12.962721,79.169541,12.92696,79.195523,17430.9,1263.9,4.8723718645961
12.96728,79.103146,12.900986,79.119279,12253.9,917.0,7.5760728729167495
12.968849,79.130932,12.97958,79.181226,8376.4,899.0,5.578780079945464
12.921992,79.145221,12.96315,79.198802,15171.2,1297.1,7.393332340679192
12.950494,79.170121,12.914034,79.105721,9742.7,1132.4,8.071389478375492
12.914653,79.1211,12.900895,79.109362,3791.8,406.8,1.9897022726229083
12.931333,79.110731,12.913385,79.118664,5531.3,489.7,2.173048617716575
12.931979,79.10458,12.903193,79.102157,9060.8,716.7,3.2116160112245526
12.950784,79.121003,12.963506,79.159884,6588.7,604.4,4.444435782930787
12.920794,79.140921,12.977161,79.138066,9097.5,683.5,6.275364494334965
12.979733,79.139463,12.909208,79.110262,12165.4,762.6,8.456447176430537
12.975329,79.110142,12.92677,79.135926,8932.5,449.8,6.079634145316853
12.908796,79.103655,12.973661,79.120532,14777.9,1222.5,7.440949887697494
12.956875,79.120914,12.944641,79.160902,8909.0,997.5,4.541874739645937
12.949388,79.17277,12.939735,79.120144,11472.5,1146.6,5.803173031586559
12.977513,79.141556,12.949523,79.165737,10095.4,694.5,4.0684868749999294
12.971911,79.162545,12.925023,79.195399,18631.6,1471.1,6.313368847285943
12.952517,79.109156,12.940179,79.163769,8651.0,672.0,6.075262599284246
12.97102,79.155252,12.950862,79.11432,8149.8,605.9,4.969676089406219
12.912557,79.112235,12.942045,79.139072,6766.3,724.2,4.383005901093686
12.94856,79.169285,12.919594,79.136326,7320.2,861.5,4.809623143882699
12.96326,79.107979,12.95713,79.129005,5194.4,636.2,2.3782046923793834
12.93873,79.148725,12.931258,79.162026,2753.6,382.3,1.6637796436306966
12.967946,79.133307,12.929751,79.111744,8240.1,568.8,4.847485851662217
12.976568,79.112313,12.97404,79.147734,5065.9,370.6,3.8483555312500446
12.959662,79.130303,12.940891,79.189676,15177.9,1014.3,6.764152183026692
12.901678,79.103763,12.969681,79.184642,16774.2,1141.5,11.576052216802402
12.919646,79.108158,12.963433,79.190559,14836.4,1230.5,10.170956307515143
12.947674,79.135034,12.90461,79.12884,6073.7,399.2,4.8353292030084125
12.924259,79.117762,12.964928,79.192541,13312.8,949.8,9.280137265578018
12.966151,79.154138,12.942864,79.163632,9502.9,652.1,2.7862979422749197
12.973573,79.137968,12.932464,79.159786,8204.9,516.5,5.146371537576696
12.931923,79.179605,12.935746,79.141687,5871.5,578.2,4.131253390780822
12.935187,79.193889,12.935774,79.191838,37.6,9.0,0.2316590174872773
12.934375,79.143891,12.953277,79.189316,6304.7,488.6,5.3526146217319015
12.943021,79.16694,12.961121,79.137597,11161.9,876.9,3.7632053852344316
12.918128,79.192257,12.951965,79.120524,23404.8,1550.1,8.636596420207615
12.971648,79.127873,12.958489,79.124862,1830.2,408.5,1.4991515576974253
12.978961,79.143258,12.940761,79.170573,9586.7,524.3,5.177229860461081
12.934234,79.192941,12.964148,79.106593,16039.0,1207.0,9.930923926711396
12.964004,79.110618,12.97319,79.174914,11430.0,930.0,7.04151907705105
12.947432,79.134057,12.915445,79.13347,4538.5,245.5,3.557365898371494
12.969644,79.19074,12.971573,79.122613,9295.7,670.2,7.3852192592733354
12.934597,79.113199,12.968914,79.10056,13035.3,891.6,4.054240527359417
12.932598,79.187158,12.969467,79.143213,14295.2,1114.6,6.28373793206075
12.952318,79.154468,12.938011,79.166012,7423.2,625.9,2.0238312068994886
12.924662,79.145273,12.968523,79.103793,11016.7,1016.4,6.632683873561714
12.960232,79.129919,12.923636,79.176781,10598.6,1240.7,6.507678415944418
12.942642,79.194649,12.941852,79.186012,1039.4,80.9,0.9401075117923056
12.967867,79.17305,12.976676,79.167907,1233.7,170.8,1.1269502857718583
12.948893,79.148202,12.964695,79.196031,8353.9,788.5,5.472686389294072
12.966576,79.192427,12.956191,79.158118,6178.8,494.6,3.892999723931912
12.968718,79.163199,12.934203,79.133152,10415.9,671.1,5.033044347342014
12.979631,79.179881,12.918878,79.116973,13838.9,1038.4,9.597378517155763
12.967787,79.163155,12.966242,79.169592,873.6,71.2,0.7183555548237643
12.92982,79.185622,12.908463,79.130756,10282.2,832.8,6.403067340000116
12.953947,79.109082,12.923417,79.185253,13173.9,1415.8,8.925591354705434
12.951596,79.143209,12.911983,79.147451,7160.3,585.5,4.428696553437483
12.966442,79.198501,12.920826,79.182623,16434.2,1321.2,5.356188955371272
12.973116,79.108794,12.976475,79.135495,3678.1,236.4,2.917226999462903
12.933381,79.172284,12.968249,79.134261,11196.2,852.5,5.657753658133182
12.949303,79.124784,12.960508,79.171371,8496.4,622.4,5.19986774930418
12.900461,79.112704,12.914092,79.129131,3517.5,303.9,2.338235207530211
12.972864,79.165566,12.919525,79.130797,11244.2,698.3,7.026663196808993
12.972984,79.123326,12.96691,79.108842,8154.6,705.9,1.7086169171966565
12.903348,79.126135,12.926459,79.13919,3895.4,308.1,2.9336068287131356
12.912433,79.193349,12.920696,79.115035,20387.8,1357.7,8.537371821766488
12.971028,79.111534,12.90077,79.132481,12425.2,629.2,8.135479663825974
12.935277,79.102303,12.977728,79.162927,14230.9,1157.3,8.089469393276403
12.921198,79.114277,12.94415,79.15831,6544.0,538.9,5.4116502915138955
12.949554,79.120186,12.96805,79.183835,11556.0,760.2,7.1973112228390645
12.936584,79.168559,12.966817,79.121864,13307.9,980.5,6.075084688293008
12.926307,79.12458,12.938923,79.160278,4457.6,314.9,4.115240104541064
12.909304,79.1096,12.93818,79.139717,9293.0,733.4,4.578599986319296
12.909624,79.145961,12.975805,79.134873,10418.5,839.4,7.456457989802653
12.918581,79.127963,12.922554,79.102636,4020.2,362.0,2.780256727322567
12.956363,79.120309,12.966908,79.149288,4805.6,734.8,3.3519924898199167
12.955923,79.111033,12.951657,79.147353,4928.6,359.7,3.9643100539743448
12.966748,79.19367,12.910002,79.116446,16265.5,1036.9,10.481094255221542
12.979646,79.124439,12.954673,79.147335,4974.9,446.1,3.723759814590029
12.958424,79.164074,12.968948,79.111866,9000.3,994.9,5.777072794561188
12.940525,79.101537,12.950667,79.134864,5573.4,518.1,3.7835853442979195
12.977132,79.140267,12.90969,79.144498,9867.0,641.1,7.513222575063639
12.917972,79.189029,12.941468,79.17293,7015.9,829.9,3.141656880535267
12.939256,79.118135,12.964132,79.153926,7369.7,528.2,4.763851420274956
12.928392,79.141539,12.967862,79.188651,13871.4,930.3,6.732570792115677
12.900937,79.13956,12.978984,79.126345,11840.0,814.0,8.795814340493187
12.942243,79.165368,12.96749,79.103761,13293.4,1169.5,7.242276686287928
12.9268,79.13226,12.966685,79.105376,9699.5,783.2,5.3063281599627965
12.979237,79.139419,12.973384,79.163483,4423.1,575.8,2.6874624765953956
12.921401,79.185849,12.962834,79.116436,16499.8,1786.7,8.821052998189185
12.930182,79.137713,12.931891,79.171832,4840.9,614.5,3.702532895557056
12.929215,79.133837,12.904734,79.129235,3523.8,232.5,2.767483345586696
12.91169,79.128985,12.948414,79.188213,9483.1,597.6,7.60770025485096
12.920496,79.106014,12.971038,79.197674,15820.2,1246.3,11.412745994034513
12.913541,79.106414,12.95343,79.129474,8035.5,876.2,5.091055604712235
12.942741,79.148017,12.938727,79.194268,13862.1,1106.0,5.03209955447763
12.932965,79.17046,12.925024,79.124639,5789.9,480.6,5.043793446651612
12.965244,79.171576,12.972156,79.188425,3994.3,308.8,1.9809172905416423
12.910626,79.149359,12.971716,79.149921,11193.7,1021.3,6.793180476573961
12.97746,79.112093,12.951034,79.184072,13857.0,778.7,8.334850022147034
12.97048,79.118805,12.900006,79.128152,11656.0,762.8,7.901561254217829
12.916979,79.103741,12.918369,79.132945,4728.7,504.1,3.168929849794524
12.938976,79.197382,12.948864,79.169617,6323.7,596.6,3.203476566995081
12.927992,79.161987,12.946027,79.131056,8300.0,702.5,3.906153234306131
12.906538,79.150194,12.930707,79.169135,8889.0,920.6,3.3818121521729503
12.97211,79.150896,12.932309,79.133365,8564.9,621.1,4.816192059239857
12.909,79.134796,12.947741,79.12025,7617.2,660.1,4.587197965459676
12.937808,79.182398,12.920111,79.19178,4052.8,587.0,2.214986131315321
12.940257,79.157082,12.951468,79.144452,8915.1,682.7,1.8513140545611366
12.964186,79.160079,12.914237,79.192924,19856.4,1492.9,6.596790005870882
12.900286,79.135475,12.900799,79.12518,1405.7,99.2,1.1173158029151715
12.931228,79.155222,12.929138,79.12397,5974.6,594.7,3.394916590543586
12.973003,79.187573,12.93329,79.13458,14579.9,923.3,7.244151741222437
12.94216,79.105154,12.954927,79.152207,6553.1,514.4,5.292952265457949
12.939085,79.166699,12.906776,79.131712,7844.0,672.1,5.223493267009681
12.914421,79.111288,12.978659,79.123176,11210.9,1019.5,7.258195661345009
12.9466,79.108046,12.910749,79.118019,10057.6,683.0,4.130378720551123
12.969826,79.114313,12.903188,79.107936,14094.6,1055.2,7.441976163878299
12.978277,79.121148,12.91068,79.152211,11444.8,835.8,8.235830102356196
12.970411,79.191698,12.94748,79.108182,13295.5,839.6,9.402389756341368
12.932473,79.168692,12.918891,79.193837,8047.7,1151.6,3.1156565979425053
12.952595,79.127365,12.908656,79.127457,7044.8,449.2,4.885810803885826
12.946,79.145005,12.928824,79.144172,5421.4,472.6,1.9120189943720312
12.959442,79.131543,12.958648,79.140578,1216.7,206.1,0.983032553816863
12.971656,79.17993,12.946843,79.155033,12228.9,1129.3,3.858920695088406
12.95157,79.133968,12.917415,79.104026,6937.1,542.6,4.995331639327165
12.919166,79.187551,12.960148,79.142529,14779.2,1291.5,6.676213425551211
12.937096,79.150294,12.97792,79.165841,14157.8,1035.3,4.8419749644919285
12.979818,79.120575,12.94282,79.149477,7943.7,775.2,5.170457026992133
12.938177,79.139752,12.95678,79.120277,9277.5,912.4,2.9551687801308533
12.914134,79.126681,12.966455,79.177756,12205.5,838.8,8.030198772544841
12.928441,79.103739,12.936691,79.111544,8925.5,731.6,1.2478111825148455
12.962218,79.194036,12.965281,79.135038,7477.9,669.5,6.402146029036065
12.93134,79.15395,12.95584,79.159545,9438.2,818.0,2.7909376617398056
12.979852,79.110259,12.931889,79.128487,10198.7,577.8,5.687286489844772
12.91407,79.125899,12.977576,79.102242,12740.6,810.4,7.5125234726221155
12.961271,79.138403,12.910781,79.119278,7818.1,510.4,5.9846050510922995
12.917207,79.112538,12.952962,79.120695,7951.8,711.7,4.072872076564329
12.925526,79.128551,12.941808,79.132978,3898.8,332.7,1.8729689606910858
12.961025,79.116258,12.925445,79.195437,21712.8,1445.1,9.448782895048616
12.940726,79.164916,12.943489,79.177786,1906.9,205.6,1.428164622275106
12.905274,79.104194,12.967006,79.150825,13953.6,995.2,8.523896091948522
12.933135,79.140207,12.930761,79.141883,2614.3,254.0,0.3204303522219226
12.927189,79.17861,12.903893,79.108339,11753.7,947.4,8.044577941401732
12.968644,79.185133,12.958612,79.109212,12932.4,887.9,8.302159842127532
12.959534,79.165263,12.966299,79.163072,1926.8,240.2,0.7888125038397187
12.966032,79.186068,12.967238,79.145669,4672.6,326.8,4.379677230208237
12.940684,79.151604,12.928541,79.101672,7463.4,790.4,5.5772262863653435
12.926645,79.116109,12.906612,79.116047,6247.3,549.2,2.227581177479625
12.937232,79.180909,12.959589,79.121813,13466.5,1244.1,6.8696837710299965
12.940117,79.170349,12.972007,79.11895,14265.6,1312.9,6.6028066497524165
12.915974,79.104132,12.972828,79.102514,13743.4,1021.2,6.324316232179636
12.936254,79.176179,12.969517,79.186922,16609.7,1133.4,3.8775695996323276
12.937909,79.177073,12.91749,79.118475,8257.4,688.6,6.744326651258569
12.962738,79.169132,12.914646,79.192781,18204.5,1349.3,5.9300205986148615
12.924827,79.142002,12.973438,79.195822,14853.6,1014.3,7.951941523052687
12.970845,79.180228,12.977205,79.125916,9802.6,655.0,5.927396917254773
12.919024,79.125421,12.949462,79.122291,5684.8,507.7,3.4015116815068485
12.941202,79.179044,12.943077,79.190667,5323.3,328.3,1.276727123634314
12.922737,79.18868,12.91518,79.133515,10544.9,981.4,6.037568353977323
12.919565,79.193494,12.907938,79.144399,20911.5,1427.9,5.475860915414678
12.966039,79.152203,12.901171,79.123552,10758.6,574.8,7.8529349096827215
12.977951,79.190679,12.923699,79.12626,14070.4,835.4,9.226279133174367
12.948728,79.11934,12.931104,79.109956,8330.3,699.7,2.207857085140669
12.921963,79.133046,12.936116,79.1159,6553.7,490.8,2.435084406886461
12.956156,79.153153,12.962934,79.165547,3103.7,284.4,1.5400691672934077
12.931671,79.147758,12.928026,79.111742,5523.7,464.1,3.92424592132999
12.93045,79.175794,12.932732,79.131911,7827.0,725.4,4.7625822666521875
12.969098,79.108598,12.972153,79.108585,6224.7,632.5,0.3397038907650093
12.912791,79.129119,12.968895,79.154567,9684.9,654.6,6.820874652507238
12.909659,79.135428,12.937424,79.162131,6108.5,383.3,4.23166890148046
12.927043,79.178897,12.914363,79.12102,9859.8,896.2,6.429199974228206
12.922737,79.197806,12.971899,79.12553,24880.7,1510.4,9.551445603096596
12.958235,79.109254,12.937696,79.167225,9147.3,810.0,6.684447198585336
12.975476,79.104046,12.930957,79.149301,10458.7,524.9,6.968172986243828
12.950041,79.121116,12.915088,79.198388,20641.3,1365.0,9.232271636355458
12.958523,79.112503,12.968302,79.185653,12297.2,781.4,8.000850830008243
12.968283,79.185852,12.941405,79.164325,12634.2,780.6,3.7913257502818647
12.972053,79.142066,12.929817,79.181732,10335.2,1060.6,6.366578665830323
12.909691,79.124147,12.918951,79.112675,4700.1,464.3,1.6143622371307151
12.911489,79.118004,12.903688,79.126117,1651.9,214.6,1.2351767892328585
12.950848,79.145026,12.945996,79.159025,6067.2,511.5,1.6101198541760688
12.94159,79.198846,12.957999,79.148724,13468.1,921.2,5.72984682859884
12.937828,79.153016,12.94505,79.16456,2329.3,328.1,1.4865965159575538
12.943544,79.175101,12.939443,79.12695,10254.1,1039.2,5.23804217502751
12.918042,79.196139,12.934219,79.141623,17140.4,1082.8,6.176056498291569
12.907706,79.128491,12.913971,79.121238,1493.4,214.9,1.0503667931275287
12.935755,79.147944,12.926063,79.108531,6321.9,522.8,4.4052519356654525
12.906519,79.150303,12.909053,79.131462,2311.9,359.0,2.061434586009745
12.953748,79.147855,12.954571,79.12723,3433.4,355.4,2.2369036459391127
12.959068,79.102216,12.958551,79.125842,7907.4,773.6,2.5608322327155832
12.963362,79.112966,12.976973,79.165144,11952.6,971.8,5.852976655464362
12.977527,79.151044,12.958037,79.148893,3293.4,533.1,2.1796899429517773
12.913143,79.117155,12.97058,79.122771,11703.8,959.8,6.415644343880361
12.924052,79.10481,12.97645,79.162102,12861.5,972.3,8.51428556080989
12.934052,79.15815,12.937638,79.14587,3845.7,360.2,1.389274721301948
12.968606,79.17481,12.935325,79.176694,13006.9,1102.9,3.7063108495796833
12.957394,79.156802,12.974134,79.161669,5128.0,546.4,1.9346755874810415
12.954037,79.188537,12.969486,79.191597,18153.2,1252.3,1.7495623132716918
12.910945,79.133498,12.955877,79.15095,7619.2,582.2,5.342225781215958
12.920572,79.179464,12.938925,79.168038,10810.7,968.3,2.387070358098611
12.948869,79.162034,12.948285,79.105534,13189.1,1234.6,6.123111679510642
12.959811,79.153719,12.933884,79.136591,7661.1,498.1,3.428798107117953
12.931668,79.164925,12.913718,79.116381,7715.9,634.6,5.627026409011956
12.972795,79.177573,12.930627,79.186814,18046.8,1450.7,4.79461852386628
12.9735,79.105389,12.959308,79.197016,11303.1,872.6,10.053312946263219
12.974246,79.198402,12.961524,79.192508,2049.7,279.3,1.5521141969081456
12.958201,79.1214,12.974187,79.114593,3469.6,565.4,1.9245254171382598
12.939921,79.158176,12.977165,79.159422,14344.0,1020.8,4.143550024193636
12.971867,79.143115,12.93785,79.130526,4916.7,412.3,4.02101174044014
12.962475,79.11235,12.948258,79.165213,10226.9,895.5,5.942607517236803
12.961742,79.169445,12.957033,79.153431,3738.7,338.6,1.8126005636599947
12.943559,79.163762,12.933901,79.176799,3555.1,783.9,1.7746650518064595
12.955502,79.147916,12.935203,79.128258,7032.0,549.9,3.1037029985605193
12.965733,79.138048,12.912209,79.1406,7543.8,470.0,5.9580278396647826
12.942761,79.115479,12.973999,79.17706,10653.5,733.5,7.523019219490553
12.9316,79.138962,12.971933,79.111346,10649.2,656.5,5.3916237172009085
12.928382,79.112247,12.926829,79.133671,3713.9,308.2,2.328274717391409
12.962471,79.164558,12.945743,79.100106,10789.0,704.3,7.227795368851739
12.936694,79.169779,12.973381,79.178258,15256.3,1050.9,4.181609344809254
12.979221,79.179089,12.936107,79.13495,13770.6,977.1,6.772055176287611
12.969178,79.135461,12.976359,79.157972,6869.8,833.0,2.5665947787381156
12.934694,79.180684,12.925379,79.12077,8002.8,687.9,6.575310674915119
12.906895,79.14203,12.925853,79.109632,6000.3,562.1,4.095529764476258
12.92087,79.129922,12.977079,79.183104,15054.9,1070.8,8.501703462098696
12.950111,79.104117,12.922845,79.106449,11469.5,904.5,3.0423600364201637
12.96881,79.140377,12.913248,79.191676,22075.1,1356.7,8.311221721929147
12.975998,79.136266,12.978691,79.174539,5199.8,549.6,4.157869533474445
12.933909,79.186692,12.962952,79.123346,14228.8,1308.9,7.5863542658887475
12.960426,79.143182,12.978814,79.188669,10298.3,809.9,5.3361650533926746
12.931969,79.184345,12.951199,79.105593,15346.4,1230.7,8.798196392283486
12.978568,79.161931,12.958162,79.104262,11137.6,723.1,6.648156042774766
12.927067,79.157536,12.944415,79.17838,4642.5,497.5,2.970496928898623
12.947498,79.135052,12.915621,79.140691,5108.0,320.3,3.596862599152202
12.900371,79.135742,12.940154,79.181861,16650.1,934.0,6.674773492749588
12.946109,79.111935,12.946966,79.156901,6503.9,785.9,4.8738274269675745
12.93875,79.156871,12.926257,79.102562,8268.9,784.7,6.04742818638155
12.970337,79.152413,12.945224,79.159483,9595.1,698.9,2.895632630555943
12.969878,79.182029,12.965744,79.112204,13825.0,1046.8,7.580131627008003
12.944052,79.153183,12.952306,79.104338,7399.0,885.3,5.37220294755784
12.92788,79.136509,12.958663,79.165561,8260.7,862.1,4.650650314810639
12.944742,79.106325,12.942379,79.107018,1247.3,149.7,0.27327586091589123
12.939418,79.122022,12.964714,79.134938,4590.5,314.5,3.1417874312510423
12.91682,79.143237,12.970489,79.171291,12282.8,884.9,6.697508799419444
12.931011,79.120206,12.962473,79.197728,13774.4,1173.1,9.100252610461368
12.973163,79.135317,12.949345,79.129226,4203.1,233.3,2.7294508081639934
12.979994,79.166021,12.930678,79.122016,13185.1,974.1,7.267071748180534
12.902992,79.152521,12.958865,79.110098,12142.0,1071.4,7.728962706117525
12.967638,79.160803,12.959381,79.170874,3553.5,387.7,1.4261563883551278
12.90865,79.198007,12.945424,79.101777,25840.8,1751.0,11.202097858705173
12.937097,79.145918,12.962348,79.125491,10198.0,906.8,3.5754376951767544
12.917416,79.133123,12.959357,79.19961,14464.9,1092.2,8.582903379631539
12.944027,79.101237,12.974637,79.118446,7288.5,469.7,3.881055141656842
12.926362,79.154812,12.950651,79.132039,8163.9,747.1,3.658580600646799
12.972547,79.158854,12.936587,79.118922,11002.5,961.7,5.891817812717262
12.91927,79.180551,12.975885,79.159997,20212.4,1827.3,6.677740113116399
12.978596,79.104393,12.938658,79.143952,9853.1,585.0,6.172342205085212
12.968611,79.128461,12.905833,79.131794,10405.9,634.4,6.989943637796769
12.9365,79.151717,12.926953,79.148731,1209.2,150.5,1.1098074808986482
12.915749,79.12636,12.957151,79.111079,8823.8,665.4,4.89249708062491
12.917604,79.111624,12.913544,79.108361,568.5,136.4,0.5734782882101185
12.923491,79.183862,12.922118,79.143421,7757.2,928.4,4.385603617038925
12.976264,79.143409,12.930681,79.182912,11414.0,1050.9,6.634430116126243
12.956072,79.164392,12.962978,79.121433,6339.4,880.1,4.718069779242069
12.934327,79.130685,12.945365,79.133379,2224.8,292.7,1.2616166315489301
12.925619,79.112928,12.947312,79.170397,8509.7,706.1,6.6788806440825645
12.915102,79.127002,12.902145,79.13318,2246.4,226.8,1.5887544775997802
12.920398,79.188694,12.928985,79.157148,6860.6,919.0,3.5497206745571024
12.911347,79.147835,12.968708,79.142421,10256.4,859.2,6.405189782632497
12.903764,79.14968,12.94561,79.103233,12668.0,1037.0,6.854961744139681
12.921116,79.102092,12.916827,79.114789,5625.0,701.3,1.4564054931110333
12.91692,79.198555,12.914577,79.197704,141.8,20.4,0.27637444232846126
12.93208,79.137141,12.97344,79.124281,25863.3,1471.8,4.8055320311082115
12.960914,79.157911,12.949556,79.14328,3327.4,357.1,2.027019944998692
12.956177,79.126914,12.954719,79.188272,10394.0,846.3,6.651009769126563
12.940643,79.1459,12.937347,79.127811,7610.1,587.4,1.9943017662325664
12.922486,79.138366,12.976327,79.185441,15582.6,1140.0,7.865529996242597
12.947065,79.165017,12.97023,79.137274,11548.8,981.9,3.958898758615908
12.942616,79.110184,12.918612,79.125951,7539.9,485.6,3.169239515593488
12.903316,79.108036,12.967392,79.129903,13884.1,1021.9,7.508705611721745
12.975809,79.113263,12.928242,79.160952,10986.8,684.3,7.394773845999427
12.918888,79.126778,12.971084,79.128757,9264.1,669.1,5.807899379445709
12.969818,79.148764,12.970415,79.159357,1548.6,215.7,1.1497562857260808
12.946055,79.174427,12.906911,79.137578,9277.9,947.8,5.90711976258585
12.906545,79.108125,12.972739,79.162018,17136.5,1373.1,9.396125744980955
12.926665,79.112975,12.95791,79.154603,7922.8,688.7,5.6940291101640055
12.915042,79.104873,12.93001,79.112359,3177.4,427.4,1.851585221036883
12.951305,79.100726,12.959383,79.127075,5055.9,536.6,2.9932521679603594
12.970889,79.152338,12.933012,79.171174,9875.8,871.4,4.680293972811866
12.935298,79.191999,12.908886,79.106998,14321.4,1133.4,9.66914156361269
12.935736,79.148339,12.970278,79.189427,14467.0,926.7,5.8802648576046845
12.951653,79.173862,12.935821,79.186519,9494.6,920.7,2.2317107869921515
12.974683,79.106044,12.978056,79.158201,6813.0,459.4,5.663927728263831
12.935006,79.112645,12.971524,79.115475,11503.0,1040.1,4.072186113655251
12.92547,79.157088,12.973099,79.160258,15094.1,1296.6,5.307239870913031
12.959129,79.114415,12.938591,79.173998,9750.7,971.5,6.848824868319797
12.900755,79.110125,12.952256,79.109584,12328.3,986.0,5.726957969518395
12.94482,79.161856,12.975616,79.119826,14029.4,1133.1,5.698202887410539
12.939128,79.105034,12.944533,79.175757,10232.9,746.8,7.687815126740569
12.951091,79.142434,12.9645,79.107019,5730.3,466.4,4.117162841268074
12.922821,79.186391,12.954623,79.125441,16246.2,1673.9,7.492289791463239
12.900631,79.111301,12.939584,79.112702,11020.1,842.3,4.334042588252464
12.923844,79.13038,12.931327,79.165964,5215.5,416.7,3.9452188573817937
12.95938,79.100091,12.971922,79.147204,8724.0,509.4,5.292230526659237
12.973651,79.196491,12.936234,79.173796,16105.6,1103.6,4.833097002685327
12.973271,79.193177,12.917609,79.105368,15435.7,990.3,11.351552842207244
12.915483,79.110367,12.920141,79.139418,5350.6,642.2,3.19089154766043
12.968707,79.118247,12.93489,79.160386,8740.8,1013.9,5.915414201338335
12.93536,79.14481,12.935439,79.182771,4890.8,818.0,4.113967878578396
12.948709,79.172246,12.961964,79.133417,12037.6,1209.5,4.458363902776332
12.979019,79.170221,12.944386,79.102531,13280.2,961.3,8.284489990733594
12.931261,79.141292,12.922906,79.178516,6625.5,970.7,4.139812981910527
12.973941,79.191799,12.975934,79.131695,9198.5,632.1,6.516403745522457
12.948024,79.110414,12.939735,79.121077,2077.2,194.6,1.478109619361813
12.942313,79.179429,12.963239,79.15802,19136.2,1253.0,3.285837087697869
12.979053,79.173458,12.973264,79.184147,4144.8,530.2,1.3250723362857268
12.929362,79.159065,12.964775,79.157313,11218.1,905.2,3.9423258547925943
12.927825,79.178049,12.925591,79.103871,10316.4,1041.7,8.043030950728348
12.901252,79.146759,12.935609,79.170212,9297.5,840.5,4.588673634779125
12.965964,79.144519,12.971719,79.165845,4726.1,471.6,2.397827102925928
12.978727,79.149274,12.931844,79.115888,10343.3,672.1,6.345545773469401
12.961116,79.117101,12.936211,79.134983,8808.0,906.9,3.379981476034666
12.97105,79.129088,12.972433,79.11281,2580.2,310.2,1.770534254867087
12.940543,79.111229,12.914934,79.126595,8381.0,524.0,3.2987983549312716
12.943699,79.155615,12.966026,79.186758,17616.5,1210.5,4.189615529754222
12.914803,79.126043,12.943527,79.147269,7023.5,767.2,3.936142464391215
12.942743,79.13789,12.938523,79.17013,5065.0,516.8,3.525251445746496
12.90804,79.125413,12.967656,79.177495,13311.6,901.9,8.70638773785614
12.949641,79.100362,12.923387,79.118873,9474.0,600.8,3.5421458034858055
12.959629,79.10217,12.979274,79.161147,10863.9,712.3,6.75368283106981
12.909543,79.103402,12.972592,79.128404,14467.0,1147.9,7.516101201347396
12.931442,79.125891,12.948859,79.161016,6243.8,601.2,4.270888580138381
12.976215,79.146883,12.973733,79.119308,4032.0,497.5,3.0006376915547084
12.945682,79.142166,12.914026,79.142239,5673.8,455.2,3.5200003506019675
12.940596,79.107461,12.964105,79.12664,7096.0,670.8,3.3396077422013155
12.901668,79.149167,12.964736,79.110333,12415.4,1137.0,8.178779947559928
12.929919,79.18213,12.941987,79.106864,13407.3,1115.6,8.266449384979678
12.909584,79.11251,12.970858,79.186225,16472.9,1194.5,10.499496225480954
12.960615,79.133967,12.912802,79.132727,6337.8,354.7,5.318268428721847
12.97685,79.143529,12.917309,79.103638,10373.7,668.0,7.907011226994639
12.923479,79.114671,12.940349,79.199526,13549.5,826.2,9.385516455497509
12.920941,79.144195,12.960179,79.125191,9084.9,1018.0,4.824714900759865
12.964173,79.159313,12.912898,79.149748,10338.3,908.6,5.794990196861257
12.96194,79.162784,12.963649,79.14906,2391.5,289.6,1.4992438166590132
12.966737,79.181736,12.917718,79.134223,11289.0,620.3,7.498133912520088
12.978685,79.108638,12.958968,79.139773,5470.4,361.9,4.02354956963332
12.922343,79.179819,12.965923,79.188983,18264.6,1500.9,4.946596016162718
12.967702,79.165098,12.901255,79.14563,12383.3,751.8,7.683908035107993
12.93554,79.185876,12.973204,79.145721,14266.4,1066.6,6.039407395009943
12.973392,79.197466,12.957884,79.156882,6301.3,409.8,4.723691342183426
12.946359,79.184412,12.94775,79.154242,18679.2,1502.6,3.273125944531643
12.935027,79.108264,12.963499,79.167492,12925.6,1048.0,7.156729024003071
12.964721,79.179499,12.966604,79.13099,6386.3,520.7,5.260609955314727
12.963612,79.115989,12.947562,79.113771,5619.3,977.8,1.8007930827117464
12.930377,79.136196,12.905442,79.13197,3330.1,171.1,2.810224976165259
12.910351,79.141741,12.962869,79.15353,10197.2,918.8,5.977865775425777
12.94168,79.129803,12.945071,79.184643,8011.4,550.9,5.9549508225362455
12.956426,79.163585,12.951492,79.147478,1923.4,314.3,1.8296333179146698
12.975992,79.124371,12.954696,79.136666,4770.1,254.1,2.7170698637482342
12.953839,79.11669,12.944413,79.159248,7481.6,565.2,4.729498477691714
12.915748,79.141308,12.914572,79.146774,2163.1,412.9,0.6066768695879795
12.970296,79.172592,12.949025,79.166701,12642.4,890.4,2.4498623055389213
12.959831,79.193692,12.973814,79.180668,3398.1,459.0,2.0998164514606836
12.921077,79.125362,12.968372,79.187056,12578.7,805.5,8.506220426478421
12.912463,79.141313,12.950561,79.124981,7474.0,654.2,4.5912039262329944
12.94439,79.199895,12.935621,79.16438,4198.7,293.4,3.9703993683990153
12.969397,79.166821,12.946655,79.177247,12166.6,800.8,2.769704674372703
12.934638,79.139774,12.933353,79.133773,3204.3,275.9,0.6658631651990806
12.908525,79.114989,12.932564,79.16264,9468.1,780.8,5.815160040132334
12.939145,79.163269,12.97101,79.10239,15117.3,1012.7,7.488437717794124
12.926011,79.156322,12.922143,79.108691,6325.2,563.9,5.180049128973986
12.978082,79.148426,12.979341,79.107481,5878.1,439.8,4.438780893586707
12.967355,79.111033,12.922708,79.116868,8951.2,752.9,5.004635026052345
12.93511,79.152953,12.932384,79.135808,6279.5,383.4,1.8826346897556643
12.968027,79.120828,12.958955,79.147954,5425.7,621.0,3.1076819848239547
12.902908,79.11633,12.933191,79.158737,8975.0,591.9,5.697634075616851
12.940087,79.162103,12.930022,79.10526,8038.4,780.5,6.261110543288809
12.957848,79.13374,12.941282,79.151053,6026.8,479.3,2.629287657737661
12.941085,79.189692,12.938438,79.152948,5089.3,427.4,3.992861717339643
12.972511,79.12719,12.971597,79.13813,2007.7,181.4,1.1897780790860921
12.953786,79.111999,12.964824,79.163408,8528.6,573.3,5.7044339070323655
12.937678,79.139427,12.96822,79.159111,9759.9,658.3,4.010438651841798
12.971171,79.167821,12.940312,79.153282,11337.0,816.5,3.775781636072611
12.93765,79.122526,12.955191,79.120162,6549.5,776.7,1.967225035909417
12.93878,79.182594,12.921434,79.191691,4186.7,611.8,2.166152076674718
12.966818,79.149226,12.924521,79.196283,21577.6,1311.7,6.937238852939197
12.922991,79.188632,12.954441,79.121701,16924.1,1792.5,8.05244942535289
12.941605,79.198514,12.977017,79.131546,15222.7,960.8,8.256320346115356
12.925449,79.121502,12.96061,79.139872,6372.3,539.7,4.3873797936054215
12.962684,79.125444,12.943768,79.12751,4459.4,640.4,2.1152476922950547
12.972277,79.139082,12.975486,79.155607,3790.0,398.7,1.825799464249379
12.974121,79.117138,12.966993,79.127828,2004.9,319.7,1.403559822999392
12.943225,79.134209,12.976746,79.111477,6425.9,301.1,4.467787948615611
12.960257,79.161323,12.950823,79.191636,11863.1,998.1,3.4482891211263125
12.952529,79.132908,12.929867,79.135798,3328.3,281.0,2.539291160884288
12.962615,79.105495,12.930518,79.103611,11602.8,946.9,3.5748633784178065
12.962406,79.159914,12.951093,79.105837,8941.3,725.8,5.993500100586397
12.967524,79.122009,12.935374,79.101195,12632.4,1057.0,4.226997833870052
12.921609,79.118412,12.955689,79.106903,8307.1,683.8,3.989506534733148
12.940525,79.186615,12.945416,79.124933,10989.5,868.3,6.706566164081447
12.951787,79.127398,12.943578,79.10815,3247.0,320.1,2.2768493604019104
12.908303,79.108871,12.904657,79.134993,4748.7,477.8,2.8601342040416466
12.926906,79.111063,12.966939,79.103306,10266.2,951.4,4.530147737517117
12.963296,79.112048,12.918309,79.116527,9242.3,793.9,5.025827591591237
12.950092,79.114366,12.924341,79.182696,11222.0,1173.6,7.93941889554294
12.918896,79.181304,12.925337,79.116326,13413.3,1310.3,7.078580441531855
12.959258,79.123278,12.957626,79.108022,4963.5,752.6,1.6631202366082363
12.96923,79.142279,12.964499,79.143795,1055.9,222.2,0.5511160715809393
12.938991,79.179615,12.919899,79.106612,8863.3,663.8,8.191634179765332
12.93143,79.126845,12.94705,79.185939,7352.1,507.8,6.635462751979613
12.950641,79.15883,12.937897,79.183869,16470.2,1175.8,3.061203262086638
12.94656,79.146708,12.976818,79.131879,5268.6,478.6,3.728572849369052
12.946998,79.133695,12.903102,79.122816,6801.3,384.4,5.021403054010201
12.90001,79.108517,12.928443,79.120737,7310.0,655.9,3.427812887395111
12.927432,79.184818,12.967405,79.197092,18354.3,1477.8,4.639552460421267
12.92748,79.136565,12.906839,79.146466,4352.1,479.5,2.533642867715817
12.959785,79.141347,12.977781,79.187156,10177.1,796.1,5.35197592249249
12.972858,79.132204,12.911835,79.145888,9281.9,630.7,6.945612941408401
12.942952,79.135047,12.960492,79.110967,4168.5,342.8,3.257787858487032
12.92416,79.116352,12.902723,79.115691,5386.5,377.5,2.3847652668626136
12.925286,79.185363,12.9378,79.122317,11919.4,1004.7,6.972861127055956
12.940186,79.172453,12.947332,79.182581,2102.4,163.2,1.355007203078816
12.926941,79.132272,12.972533,79.134149,7937.8,467.1,5.073685008763072
12.945551,79.149926,12.966533,79.1399,5664.6,686.4,2.5736607748401648
12.966249,79.191276,12.913746,79.133729,13040.0,765.7,8.542618966329554
12.958625,79.135461,12.925678,79.111842,7439.1,501.7,4.469128113909293
12.960764,79.155317,12.909025,79.118348,9685.3,737.3,7.010715984482038
12.966302,79.18332,12.949949,79.11634,10546.0,692.9,7.482491174460699
12.903301,79.148542,12.934273,79.167376,9314.2,824.0,4.003415501104941
12.968506,79.186914,12.916366,79.113702,13728.1,948.1,9.826588075980982
12.962313,79.19328,12.936824,79.194024,14709.4,1171.8,2.8353979284969197
12.968124,79.114351,12.934946,79.187695,18348.6,1708.9,8.762498507061965
12.923238,79.146431,12.962236,79.168156,12740.4,969.3,4.934284153980661
12.9144,79.122794,12.927253,79.198999,19670.9,1253.2,8.381813784864137
12.976863,79.182585,12.930798,79.140799,15069.3,1009.0,6.836746433073883
12.908969,79.196984,12.971445,79.142124,24632.1,1637.5,9.14368984401972
12.9481,79.17056,12.967951,79.182813,18207.4,1279.6,2.5759103491492588
12.947611,79.184116,12.965906,79.15788,18327.8,1222.3,3.4958973852314124
12.952896,79.125544,12.94046,79.121717,4733.1,397.0,1.4436738698592797
12.961961,79.149634,12.935942,79.138441,5570.1,305.9,3.1371613342300537
12.972626,79.171639,12.91148,79.121388,12652.4,809.6,8.71114812877438
12.967063,79.107297,12.938145,79.150593,8521.0,742.8,5.687946727136949
12.969227,79.123718,12.954362,79.121646,2293.8,500.9,1.6680945232783844
12.916751,79.110965,12.923246,79.138797,4243.4,472.3,3.10168494345912
12.927706,79.121035,12.929784,79.16291,6265.3,589.4,4.544131031688808
12.932158,79.157752,12.945247,79.15201,9450.6,1019.7,1.5828786835436663
12.903658,79.132023,12.900081,79.113458,3038.2,263.1,2.0511536250322044
12.94385,79.108136,12.928938,79.153658,7884.8,700.3,5.204552496277722
12.970328,79.175,12.968271,79.192969,2792.6,240.1,1.960483196067515
12.929677,79.156792,12.971036,79.123798,11753.6,894.4,5.825281980965311
12.942125,79.17557,12.913245,79.195229,12840.3,936.9,3.853815348860729
12.949833,79.112806,12.9251,79.180988,11088.7,1135.2,7.884259034453857
12.931778,79.149781,12.977427,79.180685,15734.0,1182.4,6.081151899758698
12.97346,79.148306,12.943221,79.146742,5445.1,548.8,3.366696572489876
12.952904,79.143514,12.95715,79.109236,4935.2,335.0,3.744412221083632
12.949076,79.115936,12.931882,79.133254,7741.3,520.8,2.6791012950461
12.959826,79.170506,12.945264,79.14402,6619.4,644.1,3.2954213086130655
12.936435,79.142482,12.950785,79.103472,11837.5,908.9,4.518614567898381
12.910141,79.138012,12.974893,79.193692,15688.8,1112.8,9.394215337466866
12.945531,79.132746,12.918993,79.185572,9846.3,1174.8,6.4407608002530035
12.936245,79.180817,12.927215,79.146605,4771.6,447.2,3.841275706892168
12.967456,79.169874,12.958932,79.149438,4198.9,414.9,2.4087862412981567
12.92392,79.128248,12.904771,79.133786,2917.2,194.3,2.2122560001579292
12.977977,79.11384,12.905418,79.139333,11551.1,688.3,8.528093036353473
12.942588,79.155558,12.938675,79.19357,10374.7,795.2,4.142314165306862
12.926972,79.182169,12.936258,79.153613,4654.6,533.0,3.2624655234759987
12.931609,79.159342,12.976046,79.10712,13438.6,783.2,7.512661417210063
12.965265,79.17762,12.959597,79.149475,4239.8,359.6,3.114276130525938
12.907949,79.102497,12.916407,79.139057,5797.6,515.4,4.072578093806861
12.965679,79.174708,12.928857,79.178964,13625.0,1239.7,4.120320028804169
12.935639,79.150768,12.932803,79.133258,4332.5,342.4,1.9236493686370824
12.943766,79.124847,12.916613,79.129802,6032.8,410.2,3.066662963052854
12.912269,79.111317,12.976683,79.119105,11871.4,940.7,7.212072811655321
12.957536,79.162091,12.963271,79.167943,971.1,206.5,0.8993306892391834
12.921147,79.18035,12.954871,79.10972,15270.3,1327.5,8.523541972730941
12.948019,79.130543,12.94251,79.17001,6229.3,437.5,4.320644740671389
12.95283,79.113194,12.91704,79.111983,8628.7,649.4,3.9818353329726737
12.942172,79.14062,12.921305,79.114333,4487.6,320.9,3.6742042812193523
12.973325,79.107563,12.945977,79.171324,12614.5,800.1,7.548914942415093
12.921862,79.105115,12.9447,79.100087,8138.1,914.8,2.5972767249705604
12.976362,79.185764,12.97647,79.1021,12951.2,794.9,9.065457809732093
12.958605,79.166758,12.924466,79.112792,8218.2,747.8,6.972319765836192
12.941286,79.131191,12.949588,79.102029,4615.4,376.2,3.2923244193790344
12.901539,79.122512,12.908264,79.13297,1796.8,164.8,1.3579476258236232
12.932305,79.135065,12.964301,79.148903,5873.5,402.4,3.8609197310101755
12.96806,79.164315,12.955326,79.117517,7846.7,486.6,5.265090395713168
12.956138,79.107052,12.969421,79.170466,10412.8,721.9,7.028571933673477
12.954567,79.127743,12.965707,79.191962,10621.9,821.3,7.068321338942138
12.946548,79.126933,12.900784,79.105269,9756.8,688.6,5.604272285110815
12.957712,79.152717,12.964609,79.178558,3967.5,304.3,2.903306607836248
12.908593,79.195924,12.940275,79.127697,22169.2,1468.9,8.190635576349425
12.963007,79.153907,12.972949,79.167275,4930.4,466.4,1.8222006863487425
12.95328,79.161571,12.933478,79.18327,17009.5,1305.3,3.2214792646628037
12.933659,79.190377,12.936655,79.140167,7728.9,632.9,5.4516166146802165
12.955131,79.164389,12.934196,79.10377,10181.1,957.9,6.969493617277038
12.907064,79.126976,12.912104,79.105775,3713.6,422.3,2.365213159171397
12.971414,79.1029,12.916854,79.111886,11351.6,1029.8,6.144461582635997
12.949795,79.184007,12.935696,79.183826,8322.7,694.1,1.5678621392212666
12.944105,79.160201,12.929811,79.138859,3975.0,454.8,2.806370644224096
12.941801,79.133244,12.961745,79.106067,4961.9,416.2,3.6866656256573846
12.935178,79.136514,12.920732,79.135294,4394.3,301.6,1.6117565469240933
12.918504,79.125283,12.91014,79.120598,2178.3,246.9,1.0596218408811255
12.919011,79.121127,12.965532,79.183566,14170.0,1044.5,8.517331266118013
12.907872,79.112995,12.972175,79.183277,16632.1,1309.7,10.446859229457015
12.924746,79.137834,12.955691,79.130526,6266.0,564.7,3.5308976835872663
12.933936,79.165806,12.96912,79.195471,16528.9,1076.9,5.063615192214101
12.969599,79.158089,12.95048,79.167125,10841.7,785.7,2.3405935411617
12.908307,79.130203,12.907423,79.145,2108.3,316.6,1.6067859055592186
12.942906,79.179812,12.974913,79.160056,18912.2,1452.5,4.153281049089391
12.914717,79.108935,12.959441,79.107902,10087.3,889.4,4.974348645164154
12.968007,79.150851,12.947423,79.174785,10936.2,770.7,3.4591058144908673
12.925254,79.181388,12.944395,79.164867,4847.1,689.2,2.7813118452361745
12.943626,79.175404,12.94445,79.154888,12819.9,932.8,2.225196592328567
12.972706,79.127217,12.909444,79.103099,13566.0,902.7,7.504296842873561
12.971585,79.1129,12.94247,79.164502,11202.3,698.5,6.4613621026410275
12.955499,79.130751,12.955985,79.13317,333.2,80.0,0.2676460939377978
12.967969,79.109978,12.932701,79.163067,9338.8,872.5,6.962553585171541
12.943611,79.100525,12.930759,79.133657,6766.2,510.8,3.8645391035030427
12.951876,79.119161,12.937853,79.117377,3177.8,258.2,1.571228085082241
12.978883,79.137982,12.908297,79.135682,8901.6,456.5,7.852772586811851
12.927154,79.111423,12.956111,79.188583,15092.7,1256.2,8.960387168484857
12.925793,79.135054,12.937653,79.170498,5042.1,560.6,4.061315674976289
12.928498,79.127734,12.95409,79.147994,4737.7,338.9,3.5942528766395836
12.941416,79.197502,12.959399,79.16601,14980.6,1202.9,3.9553649508034843
12.955725,79.105627,12.922443,79.196299,21784.3,1376.2,10.500076867745783
12.94895,79.156,12.900406,79.131166,8436.0,535.7,6.031647606347644
12.9083,79.128476,12.902364,79.104314,3869.9,338.7,2.7007305612613792
12.979209,79.136226,12.975729,79.174052,6691.7,502.5,4.116861859551397
12.906289,79.1319,12.953724,79.160719,9267.2,732.9,6.129895490417717
12.964882,79.108775,12.969999,79.188313,12524.4,954.0,8.63744740334965
12.910124,79.193671,12.903922,79.105944,23721.7,1559.9,9.533320362378953
12.970383,79.158883,12.955493,79.152366,3376.3,350.0,1.8000084371739795
12.919058,79.182499,12.953492,79.151486,13736.7,1216.5,5.094754366391011
12.948807,79.154089,12.930451,79.116609,6473.0,805.3,4.5457658832795
12.970408,79.115664,12.977467,79.119844,2488.9,466.6,0.9062310788695221
12.978151,79.133276,12.905165,79.124986,9989.0,577.5,8.16525792363852
12.971567,79.116153,12.961439,79.16094,6304.4,727.5,4.982063200681208
12.955329,79.158073,12.919288,79.13543,6391.6,493.5,4.699173104781533
12.955342,79.10152,12.908936,79.195741,24237.8,1589.3,11.440930010944216
12.922004,79.110031,12.917398,79.102519,961.4,166.3,0.961849758776691
12.948306,79.11783,12.926707,79.100842,9676.6,887.0,3.0261470870468745
12.94677,79.122259,12.909928,79.147853,8119.1,763.0,4.947364321499969
12.95727,79.148471,12.957324,79.137254,1376.2,177.3,1.2155312406170682
12.976185,79.117637,12.930859,79.140451,9495.2,511.8,5.613723961458853
12.974987,79.16831,12.961109,79.114091,11034.9,818.3,6.074406263829852
12.965058,79.118523,12.928884,79.178572,11086.9,1521.0,7.650215353216948
12.933583,79.135948,12.943021,79.140405,2020.4,195.1,1.1552779753922
12.926209,79.194803,12.972183,79.124874,17875.4,1498.6,9.14110054562296
12.9008,79.137475,12.949401,79.118731,9549.4,712.8,5.773388184587432
12.901287,79.106502,12.919914,79.184588,14601.2,1470.2,8.713039532503668
12.947491,79.156113,12.975724,79.176109,8678.3,1012.3,3.8145366348552394
12.927183,79.180963,12.946823,79.166292,5029.9,668.4,2.701330290890836
12.944383,79.100843,12.932479,79.117374,10156.0,757.5,2.227454635407211
12.913881,79.123559,12.930125,79.185487,16326.6,1207.3,6.95050247384854
12.961448,79.153648,12.939625,79.108142,9386.9,660.6,5.496044693815653
12.931442,79.186841,12.943567,79.178313,6381.8,683.3,1.6345938280570707
12.93408,79.102171,12.95331,79.160394,10025.9,955.1,6.66208696952559
12.927107,79.140033,12.941556,79.108335,8489.0,687.5,3.7923822231247133
12.977207,79.16868,12.948383,79.184685,15007.4,968.5,3.6442367847424935
12.96361,79.133396,12.919816,79.130345,7437.0,462.6,4.880889188534075
12.900421,79.129718,12.933997,79.174167,9169.4,801.2,6.094801158916405
12.966784,79.125533,12.979808,79.126515,1772.2,388.6,1.4521085508123512
12.942255,79.184947,12.932371,79.125218,15388.4,1011.3,6.565620150278231
12.916501,79.13989,12.929816,79.149391,3918.5,362.0,1.8034295018214432
12.942269,79.188046,12.901878,79.114417,17018.0,984.2,9.156936863064065
12.959421,79.148063,12.970449,79.121046,5391.3,540.3,3.174019907899613
12.918698,79.133435,12.908291,79.123912,2283.5,208.8,1.5506191013412536
12.93001,79.147718,12.90897,79.139866,4826.5,434.4,2.4895123312864804
12.907463,79.14751,12.93872,79.135821,6313.3,618.2,3.699303267690055
12.958897,79.162393,12.903185,79.112381,10774.6,813.2,8.231271736715998
12.913225,79.135331,12.965463,79.10288,10338.3,848.9,6.790255984989115
12.927606,79.108248,12.929458,79.118646,1483.8,284.2,1.1455584793905957
12.912564,79.150763,12.972542,79.19703,16691.8,1306.1,8.343790136056985
12.910961,79.193248,12.977615,79.199683,16666.6,1359.5,7.444331761856556
12.91011,79.107522,12.979461,79.15304,15488.7,1212.2,9.154184572592733
12.960948,79.146846,12.94163,79.171536,7831.7,598.0,3.4311577336632864
12.908618,79.150821,12.941816,79.134364,7014.3,743.4,4.09975166470899
12.978796,79.125729,12.916527,79.199921,22393.7,1403.1,10.610562344896215
12.91379,79.124123,12.905374,79.106231,4173.8,404.1,2.153209539805427
12.932169,79.182254,12.938969,79.188817,1503.5,360.8,1.0380793749089956
12.944839,79.14727,12.965112,79.178005,7447.0,761.6,4.021755617495992
12.959914,79.189536,12.92372,79.118964,14008.6,965.0,8.642227020277568
12.977398,79.162115,12.972532,79.188743,3866.0,463.9,2.935600599669909
12.902701,79.113259,12.949236,79.188363,12698.9,843.8,9.645089353252981
12.934365,79.188137,12.923016,79.138974,6885.8,595.4,5.47550618166494
12.971288,79.176791,12.91097,79.124655,12605.1,779.8,8.769688852192399
12.940965,79.10811,12.943935,79.170613,9610.2,720.2,6.78151039792581
12.969029,79.150654,12.929852,79.103684,12004.2,900.0,6.699658779052248
12.971982,79.110081,12.968256,79.196659,10334.1,672.1,9.390579346637123
12.979641,79.176806,12.964908,79.169611,3010.7,364.9,1.8142889564237954
12.922804,79.116674,12.913237,79.197711,19571.0,1267.7,8.847048557146962
12.947178,79.163172,12.953351,79.154704,11341.0,1086.5,1.145965523765154
12.912652,79.106958,12.966568,79.126575,13098.3,1298.6,6.36096679002425
12.960083,79.100867,12.935122,79.137011,9261.7,594.2,4.800558086521847
12.920576,79.105548,12.947063,79.166317,9286.3,866.7,7.214348122490693
12.969059,79.138479,12.970029,79.141296,429.1,103.0,0.32374150651627864
12.923108,79.137787,12.973473,79.152964,10027.1,843.7,5.836851598771332
12.937256,79.131336,12.962215,79.132488,4003.0,361.5,2.7781243280115078
12.979169,79.198481,12.942351,79.198171,12802.8,937.2,4.094118279019755
